Value,Train_R2,Test_R2
3,1.0,0.7263936833820275
5,1.0,0.7438600047899528
10,1.0,0.7514818689822882
20,1.0,0.7452561551564048
