Value,Train_R2,Test_R2
2,0.7823622134624464,0.7618849886206338
3,0.8278373195036043,0.7897623724220106
5,0.9038299399581746,0.8151204625671834
8,0.9772773721185779,0.8274256297560012
