Value,Train_R2,Test_R2
1,-0.025352059963920166,-0.02611106447901242
100,0.29218974321276897,0.29151467411687954
10000,0.6679352964264509,0.6630116104095283
100000,0.7289151942263191,0.7157352378756263
