Value,Train_R2,Test_R2
2,0.8146044717819683,0.7841181873585932
3,0.8632312941085715,0.8055427882181236
5,0.93842585041784,0.8203218689739179
8,0.9909242289098497,0.8248875338342305
